Region,FR,DFL,TP,DLG,OS(W),OS(NPW),OS(P),OS(NPP),SIMS,OC1,OC2,Total,date
Total,9783,17979,14824,412595,179370,2977,28616,141,27500,713103,172059,1578947,2015-07-31
East Anglia,694,729,834,16373,7772,92,1413,27,1382,26111,8549,63976,2015-07-31
East Midlands,1083,1075,1639,30865,13355,186,2255,8,1996,46413,11126,110001,2015-07-31
Greater London,292,5428,640,65846,29511,707,5592,12,3683,158032,37790,307533,2015-07-31
Isles of Scilly,0,1,0,4,1,0,2,0,2,22,0,32,2015-07-31
North,524,671,1483,20596,8225,151,1358,0,1398,32058,6901,73365,2015-07-31
North West,1099,1819,1027,45012,19472,332,2679,3,3786,80475,17525,173229,2015-07-31
South East,1547,3939,3366,94676,43662,637,6651,70,5657,161538,42086,363829,2015-07-31
South West,1447,1294,1842,44321,18823,296,3176,11,3190,65479,16777,156656,2015-07-31
Wales,1023,521,856,22114,8463,139,1148,1,1571,31587,6113,73536,2015-07-31
West Midlands,1018,1399,1578,39468,15311,253,2180,8,2491,60063,13724,137493,2015-07-31
Yorks & Humber,1056,1103,1559,33320,14775,184,2162,1,2344,51290,11360,119154,2015-07-31
England & Wales (not assigned),0,0,0,0,0,0,0,0,0,35,108,143,2015-07-31
Total,10541,15740,12581,385281,168220,2808,31460,138,37674,612543,137799,1414785,2014-06-30
East Anglia,770,623,750,16583,6785,149,1669,28,2009,23704,5567,58637,2014-06-30
East Midlands,1348,1055,1391,30214,11464,196,2699,7,3042,40286,9087,100789,2014-06-30
Greater London,335,5084,621,61643,25867,284,5253,29,4953,133310,29329,266708,2014-06-30
Isles of Scilly,1,1,0,8,4,0,0,0,1,20,3,38,2014-06-30
North,418,553,679,18010,7836,149,1875,0,1850,27588,5602,64560,2014-06-30
North West,987,1700,1067,39238,25696,320,3057,2,4766,70304,14095,161232,2014-06-30
South East,1538,2982,3176,95360,37160,675,7004,51,7956,136053,34559,326514,2014-06-30
South West,1693,1312,1678,38823,18327,206,3667,10,4274,56126,13971,140087,2014-06-30
Wales,1165,467,804,18927,7398,178,1293,1,2284,26544,5591,64652,2014-06-30
West Midlands,1211,978,1326,33916,14321,421,2561,8,3345,49152,10471,117710,2014-06-30
Yorks & Humber,1074,985,1089,32559,13362,230,2382,2,3194,49447,9463,113787,2014-06-30
England & Wales (not assigned),1,0,0,0,0,0,0,0,0,9,61,71,2014-06-30
Total,8954,14845,10987,396976,147900,2715,23447,145,38975,587114,128358,1360416,2014-05-31
East Anglia,741,699,674,16061,6442,203,1115,15,2175,21519,5134,54778,2014-05-31
East Midlands,917,931,1146,30490,11172,185,1926,9,3215,38749,9085,97825,2014-05-31
Greater London,302,4585,548,62671,24287,360,4373,21,4620,131181,27431,260379,2014-05-31
Isles of Scilly,1,0,11,26,2,0,1,0,2,18,5,66,2014-05-31
North,405,527,517,19250,7603,123,1435,0,1772,26297,5332,63261,2014-05-31
North West,860,1577,928,49829,15548,327,2096,0,4790,63657,12259,151871,2014-05-31
South East,1414,2896,2798,94810,35654,555,5094,70,8034,133213,32505,317043,2014-05-31
South West,1371,1167,1516,39879,15261,287,2832,21,4537,54766,13381,135018,2014-05-31
Wales,920,467,632,19529,7222,150,1016,2,3005,26389,4702,64034,2014-05-31
West Midlands,1010,986,1202,32958,12497,251,1924,4,3546,47403,9618,111399,2014-05-31
Yorks & Humber,1011,1010,1015,31472,12212,274,1635,3,3279,43906,8855,104672,2014-05-31
England & Wales (not assigned),2,0,0,1,0,0,0,0,0,16,51,70,2014-05-31
East Anglia,810,701,777,15750,6574,249,1218,18,2145,21032,5131,54405,2014-04-30
East Midlands,1132,863,1351,27683,11288,205,1803,8,3383,39967,8146,95829,2014-04-30
Greater London,253,4938,603,58032,24027,402,4543,22,4861,126791,27187,251659,2014-04-30
Isles of Scilly,2,2,2,21,1,0,0,0,1,22,2,53,2014-04-30
North,594,606,876,17981,7264,115,938,1,1960,26469,5437,62241,2014-04-30
North West,1203,1638,989,38582,15476,341,1859,2,4839,61391,11979,138299,2014-04-30
South East,1515,2976,2854,86929,34800,509,5312,43,8386,131595,31749,306668,2014-04-30
South West,1574,1177,1564,36107,14856,243,2807,13,4529,52864,12520,128254,2014-04-30
Wales,973,486,743,17523,7005,153,972,2,2750,25718,4520,60845,2014-04-30
West Midlands,1222,991,1360,31093,12181,323,1930,4,3752,47888,9940,110684,2014-04-30
Yorks & Humber,1148,958,1278,29376,12537,220,1675,2,3432,44215,8929,103770,2014-04-30
England & Wales (not assigned),5,0,0,0,0,0,0,0,0,11,81,97,2014-04-30
,,,,,,,,,,,,,2014-04-30
,,,,,,,,,,,,,2014-04-30
,,,,,,,,,,,,,2014-04-30
Total,12936,18390,14353,342353,151620,3210,25928,173,46433,623201,126626,1365223,2014-03-31
East Anglia,1040,641,889,14098,6505,102,1372,39,2435,22754,5169,55044,2014-03-31
East Midlands,1534,985,1275,26773,11311,257,2109,6,3685,40867,8643,97445,2014-03-31
Greater London,268,5973,645,55107,24881,508,5083,19,5531,138356,27209,263580,2014-03-31
Isles of Scilly,2,0,1,9,3,0,6,0,2,19,2,44,2014-03-31
North,1115,739,1025,17820,7398,171,1167,1,2203,29756,5260,66655,2014-03-31
North West,1564,1717,1739,36142,16780,371,2308,0,5922,69044,11855,147442,2014-03-31
South East,1759,3747,3130,79557,36539,709,5668,65,10188,138664,32012,312038,2014-03-31
South West,2057,1525,1955,33779,15498,268,2919,22,5263,56479,13157,132922,2014-03-31
Wales,1087,549,706,17357,7384,193,1113,0,3133,28492,4525,64539,2014-03-31
West Midlands,1259,1226,1489,31755,12887,278,2182,17,4223,51412,9896,116624,2014-03-31
Yorks & Humber,1247,1288,1499,29956,12434,353,2001,4,3848,47347,8839,108816,2014-03-31
England & Wales (not assigned),4,0,0,0,0,0,0,0,0,11,59,74,2014-03-31
Total,11983,17173,13708,336628,137713,3393,21373,132,48572,592046,119122,1301843,2014-02-28
East Anglia,854,814,899,14258,6094,96,1157,18,2458,21369,5058,53075,2014-02-28
East Midlands,1159,787,1418,27264,10417,250,1819,4,3923,38654,8094,93789,2014-02-28
Greater London,294,5703,637,55105,22696,405,4169,15,5244,128504,25061,247833,2014-02-28
Isles of Scilly,0,5,0,10,1,0,0,0,2,11,1,30,2014-02-28
North,1273,631,1030,16562,6509,171,988,0,2496,28073,4889,62622,2014-02-28
North West,1591,1740,1201,33601,14726,383,1949,4,5583,66647,11603,139028,2014-02-28
South East,1784,3552,3182,77395,33667,854,4699,75,11066,131850,29840,297964,2014-02-28
South West,1638,1320,1815,34397,14055,338,2499,10,5765,53198,11821,126856,2014-02-28
Wales,1086,478,712,19292,6471,188,805,3,3167,27484,4383,64069,2014-02-28
West Midlands,1165,1015,1404,30501,11524,312,1756,2,4589,50146,9859,112273,2014-02-28
Yorks & Humber,1134,1128,1410,28242,11553,396,1532,1,4279,46108,8447,104230,2014-02-28
England & Wales (not assigned),5,0,0,1,0,0,0,0,0,2,66,74,2014-02-28
Total,11768,19472,15091,402566,157381,2969,22555,152,53671,602907,116311,1404843,2014-01-31
East Anglia,812,1066,1129,17305,6871,135,1145,28,2861,22766,4825,58943,2014-01-31
East Midlands,1405,884,1589,30681,12069,201,1698,4,4570,40192,7948,101241,2014-01-31
Greater London,285,6249,624,64470,26231,692,4656,11,5908,130952,24394,264472,2014-01-31
Isles of Scilly,2,0,1,11,4,0,6,0,3,30,2,59,2014-01-31
North,687,735,1159,23992,7411,158,912,0,2800,27700,4785,70339,2014-01-31
North West,1454,2328,1099,48052,16286,438,1956,5,6384,68340,12128,158470,2014-01-31
South East,1709,3762,3584,94094,38324,503,5115,56,11610,134161,29161,322079,2014-01-31
South West,1644,1564,2161,40874,16553,251,2787,25,6170,54997,11653,138679,2014-01-31
Wales,1246,560,896,19206,7223,146,803,2,3673,27907,4343,66005,2014-01-31
West Midlands,1280,1233,1508,32504,13317,221,1847,17,4910,48976,8888,114701,2014-01-31
Yorks & Humber,1234,1091,1341,31377,13092,224,1630,4,4782,46883,8133,109791,2014-01-31
England & Wales (not assigned),10,0,0,0,0,0,0,0,0,3,51,64,2014-01-31
Total,10211,14553,10607,348830,151582,2896,27668,126,39355,413936,81967,1101731,2013-12-31
East Anglia,831,483,651,14941,6601,122,1595,17,2048,15167,3345,45801,2013-12-31
East Midlands,1128,721,1060,27630,12546,164,2242,9,3311,27763,5536,82110,2013-12-31
Greater London,337,4520,505,54359,24351,537,4581,22,4270,90367,17720,201569,2013-12-31
Isles of Scilly,1,3,1,11,1,0,1,0,4,11,2,35,2013-12-31
North,504,608,620,18561,7047,126,1297,0,2089,19056,3397,53305,2013-12-31
North West,980,1495,716,39355,15419,354,2551,1,4377,45335,8195,118778,2013-12-31
South East,1597,2916,2754,82660,37723,754,6411,45,8669,92568,20343,256440,2013-12-31
South West,1586,1279,1573,37933,16104,324,3536,24,4714,37636,8365,113074,2013-12-31
Wales,1085,561,522,17511,7092,141,1140,1,2677,19581,3096,53407,2013-12-31
West Midlands,990,1025,1102,28954,12381,190,2203,5,3725,33685,6108,90368,2013-12-31
Yorks & Humber,1140,942,1103,26914,12317,184,2111,2,3471,32752,5821,86757,2013-12-31
England & Wales (not assigned),32,0,0,1,0,0,0,0,0,15,39,87,2013-12-31
East Anglia,838,515,857,15090,7153,100,1377,14,2796,20605,4509,53854,2013-11-30
East Midlands,1477,742,1254,27543,12562,296,1958,3,4310,37913,8062,96120,2013-11-30
Greater London,264,4968,611,54111,26754,600,4902,15,5736,123493,25282,246736,2013-11-30
Isles of Scilly,0,0,1,9,9,0,1,0,1,20,0,41,2013-11-30
North,595,649,696,18295,8004,191,1127,1,2658,25847,4933,62996,2013-11-30
North West,1333,1689,845,44144,17258,607,2222,1,6194,65900,11394,151587,2013-11-30
South East,1866,3344,3020,81122,39910,616,5635,54,11544,127553,28871,303535,2013-11-30
South West,2120,1611,1821,35306,17752,386,3016,26,6495,52268,11551,132352,2013-11-30
Wales,1249,536,815,29557,8108,184,967,1,3880,26886,4308,76491,2013-11-30
West Midlands,1232,1085,1299,29505,13970,286,2180,14,5110,47479,8939,111099,2013-11-30
Yorks & Humber,1230,1161,1239,30750,13668,362,1869,2,4662,45934,8120,108997,2013-11-30
England & Wales (not assigned),13,0,0,0,0,0,0,0,0,6,59,78,2013-11-30
East Anglia,956,580,1039,17632,7417,132,1410,19,3101,22750,5118,60154,2013-10-31
East Midlands,1583,890,1405,37101,12728,241,1796,4,5061,42166,8529,111504,2013-10-31
Greater London,251,5724,785,60089,26999,852,4762,14,6129,131338,25788,262731,2013-10-31
Isles of Scilly,0,2,2,9,12,3,1,0,3,5,2,39,2013-10-31
North,778,744,868,21021,7796,199,1031,1,3204,30962,5541,72145,2013-10-31
North West,1053,1643,840,46042,17161,403,2505,2,7089,70195,12256,159189,2013-10-31
South East,2158,3888,3341,88770,40483,855,6108,32,12915,139456,31501,329507,2013-10-31
South West,2211,1615,2071,40776,17324,290,3055,21,7028,56038,12744,143173,2013-10-31
Wales,1196,602,867,24443,8111,191,1095,1,4411,30148,4741,75806,2013-10-31
West Midlands,1201,1035,1238,32636,14234,229,2212,11,5808,51980,9381,119965,2013-10-31
Yorks & Humber,1317,1014,1136,32107,14122,297,1821,0,5338,47218,8273,112643,2013-10-31
England & Wales (not assigned),16,0,0,0,0,0,0,0,0,4,69,89,2013-10-31
East Anglia,873,544,726,13895,6505,123,1315,11,2995,20209,4432,51628,2013-09-30
East Midlands,1222,752,1069,27023,10843,188,1700,4,4398,36630,7433,91262,2013-09-30
Greater London,191,4723,654,51548,24840,491,4187,7,4952,116398,22156,230147,2013-09-30
Isles of Scilly,1,0,0,2,3,0,8,0,6,16,3,39,2013-09-30
North,1068,650,768,18554,7614,143,1033,0,2593,25256,4437,62116,2013-09-30
North West,1037,1677,834,35384,15336,372,2013,1,6037,61165,10716,134572,2013-09-30
South East,1670,3085,2915,78641,36023,493,5408,35,11364,123490,27176,290300,2013-09-30
South West,1583,1222,1651,38577,15539,225,2611,21,6305,50142,11433,129309,2013-09-30
Wales,1341,482,776,16482,7250,150,1006,3,4002,25678,4268,61438,2013-09-30
West Midlands,1045,843,1297,27749,12190,218,1888,17,4904,45717,8072,103940,2013-09-30
Yorks & Humber,975,811,997,27794,12055,198,1659,0,4393,41349,7342,97573,2013-09-30
England & Wales (not assigned),2,0,0,0,0,0,0,0,0,4,67,73,2013-09-30
Total,9024,12420,10033,341853,150017,2402,21814,109,51882,522059,102924,1224537,2013-08-31
East Anglia,603,300,606,13657,6611,87,1248,11,2605,19289,3983,49000,2013-08-31
East Midlands,851,638,993,25223,11794,206,1669,16,4171,34681,7253,87495,2013-08-31
Greater London,187,3827,708,51712,23940,303,4101,8,5119,110693,21335,221933,2013-08-31
Isles of Scilly,2,1,0,4,1,0,0,0,4,21,2,35,2013-08-31
North,996,639,733,17217,6965,158,834,0,2572,24260,4214,58588,2013-08-31
North West,794,1127,611,35397,15515,352,1866,0,5604,56816,9682,127764,2013-08-31
South East,1424,2917,2579,76915,36678,534,5209,37,11907,119090,26629,283919,2013-08-31
South West,1476,969,1362,36621,15945,197,2590,17,6386,48795,10770,125128,2013-08-31
Wales,1105,398,639,16565,7333,132,888,1,3598,24676,4098,59433,2013-08-31
West Midlands,815,828,923,40825,12620,210,1853,15,5347,44285,7881,115602,2013-08-31
Yorks & Humber,764,776,879,27717,12615,223,1556,4,4569,39449,7020,95572,2013-08-31
England & Wales (not assigned),7,0,0,0,0,0,0,0,0,4,57,68,2013-08-31
East Anglia,820,415,766,15305,6939,83,1210,12,2968,22410,4835,55763,2013-07-31
East Midlands,1124,847,1129,26057,12182,246,1680,19,4656,39352,7787,95079,2013-07-31
Greater London,246,4724,564,55044,26415,529,4385,16,6055,124346,25076,247400,2013-07-31
Isles of Scilly,0,1,0,32,1,0,1,0,12,34,5,86,2013-07-31
North,1863,711,926,19605,7895,165,981,4,2824,26958,4900,66832,2013-07-31
North West,1442,1498,990,36565,17628,362,2074,1,6783,65500,11158,144001,2013-07-31
South East,1836,3109,3266,80001,39043,709,5263,47,12742,133684,28748,308448,2013-07-31
South West,1844,1387,1731,35449,17030,222,3096,18,6958,54497,11902,134134,2013-07-31
Wales,1226,499,776,18187,7931,163,916,3,4216,27106,4509,65532,2013-07-31
West Midlands,1141,999,1519,30084,14158,208,1851,7,5389,48692,8425,112473,2013-07-31
Yorks & Humber,1034,1027,1061,29690,13894,297,1704,2,4890,44918,7550,106067,2013-07-31
England & Wales (not assigned),1,0,0,0,0,0,0,0,0,0,49,50,2013-07-31
East Anglia,845,359,636,12594,5897,340,1437,9,2756,19650,3813,48336,2013-06-30
East Midlands,1051,722,944,23000,10521,175,2011,13,4192,36112,6738,85479,2013-06-30
Greater London,205,3991,530,46451,21909,457,4524,13,5357,115760,21995,221192,2013-06-30
Isles of Scilly,4,2,0,8,27,0,1,0,2,30,3,77,2013-06-30
North,1629,567,764,16152,6497,160,1262,1,2434,25118,4100,58684,2013-06-30
North West,1110,1183,850,30396,14251,343,2382,1,5837,56862,9943,123158,2013-06-30
South East,1607,2722,2349,68330,32171,572,6333,59,10929,120554,26310,271936,2013-06-30
South West,1232,1165,1307,31776,14005,208,3399,23,6155,48768,10626,118664,2013-06-30
Wales,1045,366,627,15005,6984,146,1168,3,3547,25300,3964,58155,2013-06-30
West Midlands,996,880,1063,25430,11754,207,2374,14,4949,43671,7422,98760,2013-06-30
Yorks & Humber,938,934,893,25752,11912,233,1998,2,4413,40149,6708,93932,2013-06-30
England & Wales (not assigned),3,0,0,0,0,0,0,0,0,0,36,39,2013-06-30
East Anglia,920,563,745,12732,6020,114,1210,13,2758,22002,4364,51441,2013-05-31
East Midlands,1347,966,1003,22779,10764,183,1652,27,4163,37100,6896,86880,2013-05-31
Greater London,242,4382,569,47072,22051,421,4091,32,5280,118308,21513,223961,2013-05-31
Isles of Scilly,2,2,1,6,35,0,1,0,1,14,3,65,2013-05-31
North,1274,562,823,16575,7189,175,872,1,2471,24762,4169,58873,2013-05-31
North West,1478,1548,912,31804,14466,367,1951,9,6231,61307,10302,130375,2013-05-31
South East,1657,3180,2960,68607,32534,641,5217,53,11405,124865,27067,278186,2013-05-31
South West,1303,1209,1229,30705,14201,235,2616,10,6184,51357,10818,119867,2013-05-31
Wales,1158,417,681,15067,7044,163,854,7,3690,25544,3991,58616,2013-05-31
West Midlands,1029,944,1088,25665,11955,189,1782,16,5037,46636,7824,102165,2013-05-31
Yorks & Humber,1416,1314,1103,26188,12315,265,1554,2,4577,43079,7115,98928,2013-05-31
England & Wales (not assigned),1,0,0,0,0,0,0,0,0,7,37,45,2013-05-31
East Anglia,1202,540,715,12399,5529,121,1079,21,2818,20733,4290,49447,2013-04-30
East Midlands,1202,989,1090,23234,9960,274,1754,18,4274,35770,7010,85575,2013-04-30
Greater London,269,4532,518,45399,20273,372,3838,14,5118,111390,21310,213033,2013-04-30
Isles of Scilly,3,0,1,5,0,0,5,0,3,14,2,33,2013-04-30
North,926,518,857,15160,6341,168,856,1,2359,23979,4351,55516,2013-04-30
North West,1140,1557,870,31769,13165,326,1675,3,6296,59910,9892,126603,2013-04-30
South East,1770,3126,2777,67855,29460,544,4813,39,11258,122240,25367,269249,2013-04-30
South West,1526,1207,1321,29854,12845,214,2440,15,6201,49091,10017,114731,2013-04-30
Wales,1289,645,617,15475,6363,140,801,1,3618,25573,4044,58566,2013-04-30
West Midlands,1075,1013,1125,25392,11175,221,1684,19,4910,44831,7871,99316,2013-04-30
Yorks & Humber,1237,1338,1085,27049,11251,259,1475,4,4297,41741,6990,96726,2013-04-30
England & Wales (not assigned),1,0,0,0,0,0,0,0,0,1,37,39,2013-04-30
East Anglia,913,497,697,11138,5233,105,1234,7,2573,18738,3718,44853,2013-03-31
East Midlands,1094,780,1056,19543,9339,256,1968,25,3941,32234,6219,76455,2013-03-31
Greater London,254,4409,587,40222,19314,476,4576,3,5231,105323,20024,200419,2013-03-31
Isles of Scilly,2,4,2,8,4,0,0,0,2,140,5,167,2013-03-31
North,1038,519,841,12809,6045,177,1126,2,2400,22384,4128,51469,2013-03-31
North West,1260,1652,929,27986,13641,366,2032,9,5997,54601,9334,117807,2013-03-31
South East,1739,3016,2672,59444,28075,707,5317,39,10973,110088,23098,245168,2013-03-31
South West,1607,1214,1373,26637,13244,254,2693,17,5853,44347,9257,106496,2013-03-31
Wales,1202,622,627,13706,6156,136,891,4,3649,23362,3595,53950,2013-03-31
West Midlands,1031,851,1124,22780,10712,254,2014,4,4934,40961,7175,91840,2013-03-31
Yorks & Humber,1294,1378,1072,22506,11636,273,1689,1,4087,38042,6233,88211,2013-03-31
England & Wales (not assigned),4,0,0,2,0,0,0,0,0,5,27,38,2013-03-31
East Anglia,896,534,722,11452,4624,97,932,1,2671,18531,3429,43889,2013-02-28
East Midlands,1277,829,1027,20241,8329,222,1470,7,4094,33707,6002,77205,2013-02-28
Greater London,307,4444,785,42553,17420,375,3578,8,5260,108278,18729,201737,2013-02-28
Isles of Scilly,1,1,0,18,2,0,1,0,7,7,1,38,2013-02-28
North,1094,543,804,13215,5341,162,752,0,2454,22028,3775,50168,2013-02-28
North West,1247,1552,783,29703,11694,291,1614,4,5600,54825,9143,116456,2013-02-28
South East,1907,2826,2799,60384,25338,814,4192,36,10894,110067,21829,241086,2013-02-28
South West,1616,1352,1683,27670,11074,214,2248,6,5836,44379,8747,104825,2013-02-28
Wales,1178,499,636,13368,5647,138,781,1,3969,22889,3473,52579,2013-02-28
West Midlands,1122,897,1069,24072,9490,207,1547,11,5143,41317,6958,91833,2013-02-28
Yorks & Humber,1339,1326,1132,22844,9369,239,1348,2,4267,38338,6691,86895,2013-02-28
England & Wales (not assigned),0,0,0,0,0,0,0,0,0,5,28,33,2013-02-28
East Anglia,988,565,995,12921,5307,218,1070,1,2515,17195,3380,45155,2013-01-31
East Midlands,1573,1034,1489,22589,9581,192,1391,27,4607,32506,5787,80776,2013-01-31
Greater London,388,5071,643,47699,20053,443,4002,24,4743,102735,19222,205023,2013-01-31
Isles of Scilly,0,1,1,11,3,0,1,0,2,21,4,44,2013-01-31
North,1164,567,882,14974,5885,141,884,0,2278,21664,3694,52133,2013-01-31
North West,1376,1626,1070,32213,13675,342,1776,10,5692,54434,9413,121627,2013-01-31
South East,2164,3576,3472,67931,29147,912,4451,25,10930,106713,21800,251121,2013-01-31
South West,1838,1489,1738,30293,12590,242,2397,5,5916,43425,9694,109627,2013-01-31
Wales,1274,497,919,15291,5788,167,751,32,3457,22979,3575,54730,2013-01-31
West Midlands,1242,1071,1373,26351,10791,210,1529,15,4869,39854,7404,94709,2013-01-31
Yorks & Humber,1464,1424,1198,28263,10432,265,1621,1,4566,37758,6061,93053,2013-01-31
England & Wales (not assigned),1,0,0,0,0,0,0,0,0,7,34,42,2013-01-31
East Anglia,800,348,538,11020,4929,113,1310,2,1783,11626,2431,34900,2012-12-31
East Midlands,1214,927,962,19529,8871,177,2106,6,2781,21562,4179,62314,2012-12-31
Greater London,220,3840,758,39222,18659,345,3924,0,3528,69326,13903,153725,2012-12-31
Isles of Scilly,2,0,1,10,0,0,0,0,0,8,1,22,2012-12-31
North,921,362,632,12715,5841,136,1239,3,1608,13877,2691,40025,2012-12-31
North West,1267,1515,747,27399,12140,314,2067,7,3995,36898,6595,92944,2012-12-31
South East,1802,2503,2236,59922,25896,496,5574,19,7899,70805,15927,193079,2012-12-31
South West,1731,1154,1279,27154,12045,186,2918,20,3896,28869,6020,85272,2012-12-31
Wales,1096,385,536,12757,5650,141,1100,1,2352,14476,2462,40956,2012-12-31
West Midlands,1081,915,989,22620,9907,166,1888,14,3245,26671,5063,72559,2012-12-31
Yorks & Humber,1165,1131,810,21816,11155,211,1906,4,3007,25620,4177,71002,2012-12-31
England & Wales (not assigned),1,0,0,0,0,0,0,0,0,12,39,52,2012-12-31
East Anglia,1065,435,803,12999,6059,245,1254,4,2827,17956,3853,47500,2012-11-30
East Midlands,1235,1020,1075,22583,10759,341,1869,16,4153,33297,6334,82682,2012-11-30
Greater London,329,4535,440,46880,21149,940,4229,19,5533,107339,20593,211986,2012-11-30
Isles of Scilly,0,0,0,5,4,0,1,0,3,22,2,37,2012-11-30
North,1113,583,778,15429,6828,224,1130,1,2479,22728,4528,55821,2012-11-30
North West,1384,1960,798,33127,14562,740,1911,1,5873,54575,9866,124797,2012-11-30
South East,2099,3232,2860,70589,32341,839,5492,21,11773,109034,23798,262078,2012-11-30
South West,1775,1309,1584,30963,13725,312,2649,13,6123,44478,9436,112367,2012-11-30
Wales,1390,456,754,15906,6833,265,1021,3,3707,23643,3701,57679,2012-11-30
West Midlands,1451,1083,1360,26424,12202,844,1880,9,4765,40648,7487,98153,2012-11-30
Yorks & Humber,1433,1030,1076,26030,11951,1523,1839,3,4609,39860,6793,96147,2012-11-30
England & Wales (not assigned),1,0,0,0,0,0,0,0,0,6,41,48,2012-11-30
East Anglia,1123,436,787,13543,6083,107,1173,5,3139,19052,4289,49737,2012-10-31
East Midlands,1378,974,1215,23111,10473,238,1693,10,4736,34782,6776,85386,2012-10-31
Greater London,351,5053,609,47611,21276,292,4104,14,5202,110804,20391,215707,2012-10-31
Isles of Scilly,0,2,0,7,5,0,0,0,7,21,2,44,2012-10-31
North,1013,656,911,15868,7099,177,1037,0,2594,23678,4712,57745,2012-10-31
North West,1583,2130,984,33638,16080,372,1738,9,6539,58453,10330,131856,2012-10-31
South East,2354,3825,3116,73711,32686,506,5287,32,11637,113318,23926,270398,2012-10-31
South West,1987,1467,1557,31699,14721,271,2459,9,6655,46898,9906,117629,2012-10-31
Wales,1463,462,804,15789,7078,175,1072,0,4101,23871,4193,59008,2012-10-31
West Midlands,1430,1082,1262,26751,11922,262,1816,9,5160,44050,8227,101971,2012-10-31
Yorks & Humber,1588,1190,1216,27135,12286,280,1897,3,4891,40486,7449,98421,2012-10-31
England & Wales (not assigned),0,0,0,0,0,0,0,0,0,2,27,29,2012-10-31
East Anglia,853,314,586,11543,5111,311,1079,8,2473,16285,3413,41976,2012-09-30
East Midlands,1297,589,1023,20255,8804,260,1526,8,3867,29166,5823,72618,2012-09-30
Greater London,352,4220,551,40952,18742,450,3958,20,4602,87829,16559,178235,2012-09-30
Isles of Scilly,0,1,0,6,1,0,1,0,1,13,2,25,2012-09-30
North,842,477,906,13415,5927,205,953,1,2149,20461,3614,48950,2012-09-30
North West,1311,1285,780,29294,12657,350,1665,5,5484,48367,8372,109570,2012-09-30
South East,1837,2951,2376,63909,28948,901,4882,37,9941,97909,19993,233684,2012-09-30
South West,1737,1289,1356,27562,12405,550,2275,4,5709,39571,8348,100806,2012-09-30
Wales,1037,356,646,13502,5935,192,853,1,3639,20861,3175,50197,2012-09-30
West Midlands,1113,782,827,22719,10054,293,1609,5,4320,37750,6511,85983,2012-09-30
Yorks & Humber,1279,714,975,23091,10084,327,1550,2,3814,33756,5771,81363,2012-09-30
England & Wales (not assigned),1,0,0,2,0,0,0,0,0,7,29,39,2012-09-30
East Anglia,945,359,606,12956,5928,103,1108,7,2731,17413,3786,45942,2012-08-31
East Midlands,1272,704,1200,23659,10194,175,1569,26,4079,30885,6159,79922,2012-08-31
Greater London,314,4274,669,46855,20777,320,3871,19,5032,95180,18072,195383,2012-08-31
Isles of Scilly,3,1,1,10,3,0,0,0,4,8,1,31,2012-08-31
North,667,385,635,15305,6423,161,962,3,2472,21695,4043,52751,2012-08-31
North West,1277,1167,856,33285,14310,398,1916,3,6282,51700,9083,120277,2012-08-31
South East,1959,2978,2549,72609,32433,502,5114,35,10829,104257,22159,255424,2012-08-31
South West,1912,1553,1484,32866,14116,287,2446,14,6154,42708,9548,113088,2012-08-31
Wales,1163,464,773,15061,6548,166,946,1,3740,21694,3810,54366,2012-08-31
West Midlands,1130,661,998,25391,11264,246,1870,8,4869,38920,7043,92400,2012-08-31
Yorks & Humber,1081,695,1080,27911,11271,250,1540,1,4507,35797,6462,90595,2012-08-31
England & Wales (not assigned),1,0,0,0,0,0,0,0,0,7,33,41,2012-08-31
Total,12625,15302,11452,305723,139253,2672,19924,107,51178,478987,94684,1131907,2012-07-31
East Anglia,1080,451,755,13048,5994,115,979,7,2751,17561,3798,46539,2012-07-31
East Midlands,1320,872,1305,23383,10317,196,1403,20,4136,31369,6607,80928,2012-07-31
Greater London,275,4339,599,48520,22052,318,4101,14,5148,99994,19298,204658,2012-07-31
Isles of Scilly,1,2,0,10,6,0,0,0,7,21,1,48,2012-07-31
North,727,352,561,15396,6912,180,820,1,2468,22795,3902,54114,2012-07-31
North West,1374,1466,822,31705,15161,412,1770,1,6186,54929,9791,123617,2012-07-31
South East,2271,3675,2769,73408,33578,563,4697,25,11191,107003,24034,263214,2012-07-31
South West,1789,1655,1625,32913,14970,227,2297,6,6392,43312,9374,114560,2012-07-31
Wales,1209,550,784,15394,6864,170,981,6,3638,23123,3723,56442,2012-07-31
West Midlands,1110,996,1173,25483,11705,254,1559,21,4700,41204,7083,95288,2012-07-31
Yorks & Humber,1468,944,1059,26463,11694,237,1317,6,4561,37676,7036,92461,2012-07-31
England & Wales (not assigned),1,0,0,0,0,0,0,0,0,0,37,38,2012-07-31
East Anglia,851,402,577,10876,4912,261,1263,5,2458,14743,3158,39506,2012-06-30
East Midlands,1171,838,837,19802,9136,244,1871,27,3555,26655,5554,69690,2012-06-30
Greater London,237,3857,795,39409,18695,312,3892,8,4533,86183,16372,174293,2012-06-30
Isles of Scilly,1,1,0,4,0,0,0,0,3,9,1,19,2012-06-30
North,502,286,460,13058,6020,250,1129,3,2062,18783,3549,46102,2012-06-30
North West,1203,899,774,26921,12796,391,2124,4,5234,45607,8506,104459,2012-06-30
South East,1838,2940,2138,58046,28140,574,5478,22,9779,92815,20510,222280,2012-06-30
South West,1497,1379,1372,26102,12117,211,2764,9,5450,37126,8423,96450,2012-06-30
Wales,1052,526,583,12954,6103,134,1157,2,3237,19179,3354,48281,2012-06-30
West Midlands,1038,800,883,22350,9928,275,1929,12,3965,34248,6078,81506,2012-06-30
Yorks & Humber,1033,690,756,22647,10000,336,1678,2,3807,31687,5773,78409,2012-06-30
England & Wales (not assigned),2,0,0,0,0,0,0,0,0,4,29,35,2012-06-30
East Anglia,1015,447,770,12755,5744,116,1151,2,3153,18820,3912,47885,2012-05-31
East Midlands,1401,962,1152,24625,10312,206,1616,20,4272,33872,6566,85004,2012-05-31
Greater London,256,4803,892,48630,22432,357,4120,4,5342,105469,20065,212370,2012-05-31
Isles of Scilly,1,3,0,4,0,0,2,0,3,13,1,27,2012-05-31
North,695,431,656,16247,7238,184,833,1,2635,23709,4178,56807,2012-05-31
North West,1297,1299,1076,33608,14370,413,1714,5,6384,56838,9980,126984,2012-05-31
South East,1993,3951,2426,69133,32780,603,5113,19,11717,115192,24660,267587,2012-05-31
South West,1761,1998,1446,33125,14291,224,2612,4,6357,46850,9818,118486,2012-05-31
Wales,1241,728,827,15608,6797,145,1112,0,3848,24232,4099,58637,2012-05-31
West Midlands,1250,1013,1207,31243,11747,240,1740,4,4934,41730,7483,102591,2012-05-31
Yorks & Humber,1189,843,974,27135,11979,300,1583,3,4839,40286,6931,96062,2012-05-31
England & Wales (not assigned),2,0,0,1,0,0,0,0,0,0,58,61,2012-05-31
East Anglia,771,556,572,11896,4706,131,952,5,2362,15475,3267,40693,2012-04-30
East Midlands,1120,1099,909,20146,8652,176,1372,17,3553,29045,5304,71393,2012-04-30
Greater London,297,3551,477,41775,17752,283,3481,3,4675,89751,16325,178370,2012-04-30
Isles of Scilly,1,0,1,10,2,0,4,0,3,17,1,39,2012-04-30
North,571,384,608,14201,5891,161,781,2,2365,20346,3443,48753,2012-04-30
North West,1070,1236,681,34277,12000,365,1396,6,5425,48443,8251,113150,2012-04-30
South East,1821,3802,2055,65445,25757,527,4306,15,10089,98494,21175,233486,2012-04-30
South West,1568,2324,1333,28435,11935,226,2039,13,5627,40140,8156,101796,2012-04-30
Wales,1056,724,596,13761,5607,131,920,7,3418,20903,3016,50139,2012-04-30
West Midlands,1067,922,982,23552,10776,226,1477,5,4256,35665,6069,84997,2012-04-30
Yorks & Humber,1111,974,842,23766,9917,245,1219,2,4003,35532,5436,83047,2012-04-30
England & Wales (not assigned),2,0,0,0,0,0,0,0,0,6,21,29,2012-04-30
,,,,,,,,,,,,,2012-04-30
East Anglia,984,545,756,11698,5211,119,947,12,2604,18223,3354,44453,2012-02-29
East Midlands,1293,1096,1154,20831,8659,266,1383,9,4055,34101,6182,79029,2012-02-29
Greater London,316,4229,685,42638,18133,307,3249,20,5101,101630,17723,194031,2012-02-29
Isles of Scilly,1,1,2,22,7,0,0,0,1,10,3,47,2012-02-29
North,676,503,751,14135,6069,178,719,9,2403,22815,3826,52084,2012-02-29
North West,1315,1626,937,30122,12570,372,1583,1,6047,55888,8940,119401,2012-02-29
South East,2229,4071,3118,63747,28164,502,4811,38,11099,111521,20745,250045,2012-02-29
South West,1896,2285,1821,28288,13302,205,2164,6,6232,46628,8315,111142,2012-02-29
Wales,1281,658,721,14107,5785,146,856,5,3849,24440,3455,55303,2012-02-29
West Midlands,1190,1016,1166,26107,10188,241,1534,2,4543,41499,6991,94477,2012-02-29
Yorks & Humber,1447,1356,1161,24267,10428,283,1320,6,4464,39105,6177,90014,2012-02-29
England & Wales (not assigned),0,0,0,1,0,0,0,0,0,0,33,34,2012-02-29
East Anglia,988,503,863,12555,5183,76,906,2,2795,17299,3061,44231,2012-01-31
East Midlands,1254,964,1342,22108,9200,204,1228,11,4031,31927,5447,77716,2012-01-31
Greater London,343,4547,596,43980,18934,379,3376,13,5154,96854,15980,190156,2012-01-31
Isles of Scilly,0,2,1,5,6,0,3,0,5,26,0,48,2012-01-31
North,705,471,793,15081,5886,159,639,6,2512,21566,3505,51323,2012-01-31
North West,1537,1743,1156,32738,12747,326,1505,4,6043,51798,8390,117987,2012-01-31
South East,2106,3950,2874,71168,28591,513,4571,34,11062,103510,19389,247768,2012-01-31
South West,1881,2474,1828,29972,12994,192,2269,3,5987,42225,7288,107113,2012-01-31
Wales,1320,677,864,15279,5978,127,811,5,3868,22679,3210,54818,2012-01-31
West Midlands,1330,1083,1280,33307,11133,232,1485,2,4580,38790,5981,99203,2012-01-31
Yorks & Humber,1331,1215,1111,24772,10413,299,1271,9,4491,37416,5413,87741,2012-01-31
England & Wales (not assigned),0,0,0,0,0,0,0,0,0,0,25,25,2012-01-31
09/02/2012 12:29,,,,,,,,,,,,,2012-01-31
East Anglia,738,426,695,12052,5364,101,1256,3,2102,12761,2321,37819,2011-12-31
East Midlands,977,706,845,22181,9564,214,1888,8,3056,23583,4047,67069,2011-12-31
Greater London,324,3540,480,42514,18355,391,3719,16,4132,72076,13053,158600,2011-12-31
Isles of Scilly,0,0,1,2,2,0,0,0,2,14,1,22,2011-12-31
North,582,349,484,14410,6049,164,1059,7,1887,15790,2674,43455,2011-12-31
North West,1090,1270,960,30317,13354,384,2264,4,4503,38662,6503,99311,2011-12-31
South East,1846,2969,2010,74122,29053,544,5859,17,8693,75214,14525,214852,2011-12-31
South West,1892,1435,1294,31334,12760,221,3186,7,4819,30364,5597,92909,2011-12-31
Wales,1197,490,661,14561,5962,154,1145,2,2905,15704,2418,45199,2011-12-31
West Midlands,1023,845,1002,25278,13496,228,1942,1,3564,28447,4643,80469,2011-12-31
Yorks & Humber,1281,1022,747,26403,9982,259,1757,11,3569,27139,4260,76430,2011-12-31
England & Wales (not assigned),1,0,0,0,0,0,0,0,0,0,25,26,2011-12-31
25/01/2012 11:22:12,,,,,,,,,,,,,2011-12-31
